{
  "img_filename": "airport_0_5_rgb.jpg",
  "bounding_boxes": [
    {
      "category": "airport",
      "ID": 144,
      "visible": "True",
      "box": [
        698,
        1457,
        5737,
        2657
      ]
    }
  ],
  "gsd": 0.612373530865,
  "img_width": 8225,
  "img_height": 6331,
  "mean_pixel_height": 5.460759637228e-06,
  "mean_pixel_width": 5.460759637228e-06,
  "utm": "36S",
  "country_code": "TUR",
  "cloud_cover": 5,
  "timestamp": "2008-06-26T08:59:15Z",
  "scan_direction": "Forward",
  "approximate_wavelengths": [
    661,
    545,
    477
  ],
  "pan_resolution_dbl": 0.612373530865,
  "pan_resolution_start_dbl": 0.612373530865,
  "pan_resolution_end_dbl": 0.612373530865,
  "pan_resolution_min_dbl": 0.612373530865,
  "pan_resolution_max_dbl": 0.612373530865,
  "multi_resolution_dbl": 2.44833850861,
  "multi_resolution_start_dbl": 2.44833850861,
  "multi_resolution_end_dbl": 2.44833850861,
  "multi_resolution_min_dbl": 2.44833850861,
  "multi_resolution_max_dbl": 2.44833850861,
  "target_azimuth_dbl": 229.781604004,
  "target_azimuth_start_dbl": 228.813827515,
  "target_azimuth_end_dbl": 5.78373718262,
  "target_azimuth_min_dbl": 5.78373718262,
  "target_azimuth_max_dbl": 356.426483154,
  "sun_azimuth_dbl": 141.923135376,
  "sun_azimuth_min_dbl": 141.644790649,
  "sun_azimuth_max_dbl": 142.240463257,
  "sun_elevation_dbl": 70.2120559692,
  "sun_elevation_min_dbl": 70.0297241211,
  "sun_elevation_max_dbl": 70.3705596924,
  "off_nadir_angle_dbl": 1.72841591835,
  "off_nadir_angle_start_dbl": 2.4256875515,
  "off_nadir_angle_end_dbl": 2.31114459038,
  "off_nadir_angle_min_dbl": 0.887428998947,
  "off_nadir_angle_max_dbl": 2.4256875515
}