{
  "img_filename": "airport_0_6_rgb.jpg",
  "bounding_boxes": [
    {
      "category": "airport",
      "ID": 144,
      "visible": "True",
      "box": [
        900,
        1877,
        7392,
        3423
      ]
    }
  ],
  "gsd": 0.471507698298,
  "img_width": 10596,
  "img_height": 8156,
  "mean_pixel_height": 4.238769595822e-06,
  "mean_pixel_width": 4.238769595822e-06,
  "utm": "36S",
  "country_code": "TUR",
  "cloud_cover": 0,
  "timestamp": "2015-07-25T08:45:14Z",
  "scan_direction": "Reverse",
  "approximate_wavelengths": [
    661,
    545,
    477
  ],
  "pan_resolution_dbl": 0.471507698298,
  "pan_resolution_start_dbl": 0.470959693193,
  "pan_resolution_end_dbl": 0.472224056721,
  "pan_resolution_min_dbl": 0.470959693193,
  "pan_resolution_max_dbl": 0.472224056721,
  "multi_resolution_dbl": 1.88114130497,
  "multi_resolution_start_dbl": 1.87962913513,
  "multi_resolution_end_dbl": 1.88369488716,
  "multi_resolution_min_dbl": 1.87935209274,
  "multi_resolution_max_dbl": 1.88369488716,
  "target_azimuth_dbl": 288.573516846,
  "target_azimuth_start_dbl": 268.040344238,
  "target_azimuth_end_dbl": 301.764099121,
  "target_azimuth_min_dbl": 268.040344238,
  "target_azimuth_max_dbl": 301.764099121,
  "sun_azimuth_dbl": 137.890731812,
  "sun_azimuth_min_dbl": 137.890731812,
  "sun_azimuth_max_dbl": 137.890731812,
  "sun_elevation_dbl": 64.8534011841,
  "sun_elevation_min_dbl": 64.8534011841,
  "sun_elevation_max_dbl": 64.8534011841,
  "off_nadir_angle_dbl": 6.80494499207,
  "off_nadir_angle_start_dbl": 6.54357814789,
  "off_nadir_angle_end_dbl": 7.17890167236,
  "off_nadir_angle_min_dbl": 6.54357814789,
  "off_nadir_angle_max_dbl": 7.17890167236
}