{
  "img_filename": "airport_0_1_msrgb.jpg",
  "bounding_boxes": [
    {
      "category": "airport",
      "ID": 144,
      "visible": "True",
      "box": [
        173,
        363,
        1431,
        661
      ]
    }
  ],
  "gsd": 2.44905853271,
  "img_width": 2051,
  "img_height": 1578,
  "mean_pixel_height": 2.1906917870723e-05,
  "mean_pixel_width": 2.1899446221355e-05,
  "utm": "36S",
  "country_code": "TUR",
  "cloud_cover": 0,
  "timestamp": "2005-04-20T08:51:25Z",
  "scan_direction": "Forward",
  "approximate_wavelengths": [
    661,
    545,
    477
  ],
  "pan_resolution_dbl": 0.612576127052,
  "pan_resolution_start_dbl": 0.612576127052,
  "pan_resolution_end_dbl": 0.612576127052,
  "pan_resolution_min_dbl": 0.612576127052,
  "pan_resolution_max_dbl": 0.612576127052,
  "multi_resolution_dbl": 2.44905853271,
  "multi_resolution_start_dbl": 2.44905853271,
  "multi_resolution_end_dbl": 2.44905853271,
  "multi_resolution_min_dbl": 2.44905853271,
  "multi_resolution_max_dbl": 2.44905853271,
  "target_azimuth_dbl": 64.3073412577,
  "target_azimuth_start_dbl": 77.295791626,
  "target_azimuth_end_dbl": 49.3615188599,
  "target_azimuth_min_dbl": 49.3615188599,
  "target_azimuth_max_dbl": 77.295791626,
  "sun_azimuth_dbl": 152.208577474,
  "sun_azimuth_min_dbl": 152.135574341,
  "sun_azimuth_max_dbl": 152.262969971,
  "sun_elevation_dbl": 59.2024459839,
  "sun_elevation_min_dbl": 59.116859436,
  "sun_elevation_max_dbl": 59.3168563843,
  "off_nadir_angle_dbl": 2.61184847355,
  "off_nadir_angle_start_dbl": 1.78065359592,
  "off_nadir_angle_end_dbl": 3.75552773476,
  "off_nadir_angle_min_dbl": 1.78065359592,
  "off_nadir_angle_max_dbl": 3.75552773476
}