{
  "img_filename": "airport_0_7_rgb.jpg",
  "bounding_boxes": [
    {
      "category": "airport",
      "ID": 144,
      "visible": "True",
      "box": [
        849,
        1767,
        6964,
        3225
      ]
    }
  ],
  "gsd": 0.411657005548,
  "img_width": 9984,
  "img_height": 7684,
  "mean_pixel_height": 4.498800271841e-06,
  "mean_pixel_width": 4.49880027184e-06,
  "utm": "36S",
  "country_code": "TUR",
  "cloud_cover": 5,
  "timestamp": "2011-04-30T08:41:29Z",
  "scan_direction": "Reverse",
  "approximate_wavelengths": [
    661,
    545,
    477
  ],
  "pan_resolution_dbl": 0.411657005548,
  "pan_resolution_start_dbl": 0.415058255196,
  "pan_resolution_end_dbl": 0.413955122232,
  "pan_resolution_min_dbl": 0.409724801779,
  "pan_resolution_max_dbl": 0.415058255196,
  "multi_resolution_dbl": 1.64677917957,
  "multi_resolution_start_dbl": 1.66049218178,
  "multi_resolution_end_dbl": 1.65587186813,
  "multi_resolution_min_dbl": 1.63904798031,
  "multi_resolution_max_dbl": 1.66049218178,
  "target_azimuth_dbl": 246.399002075,
  "target_azimuth_start_dbl": 183.784332275,
  "target_azimuth_end_dbl": 312.098754883,
  "target_azimuth_min_dbl": 183.784332275,
  "target_azimuth_max_dbl": 312.098754883,
  "sun_azimuth_dbl": 145.476089478,
  "sun_azimuth_min_dbl": 144.639144897,
  "sun_azimuth_max_dbl": 146.373550415,
  "sun_elevation_dbl": 61.1546096802,
  "sun_elevation_min_dbl": 60.9507408142,
  "sun_elevation_max_dbl": 61.3688316345,
  "off_nadir_angle_dbl": 5.05137109756,
  "off_nadir_angle_start_dbl": 7.81147766113,
  "off_nadir_angle_end_dbl": 6.90998935699,
  "off_nadir_angle_min_dbl": 3.20416426659,
  "off_nadir_angle_max_dbl": 7.81147766113
}