{
  "img_filename": "airport_0_0_msrgb.jpg",
  "bounding_boxes": [
    {
      "category": "airport",
      "ID": 144,
      "visible": "True",
      "box": [
        174,
        363,
        1429,
        661
      ]
    }
  ],
  "gsd": 2.45140385628,
  "img_width": 2050,
  "img_height": 1578,
  "mean_pixel_height": 2.1906917870723e-05,
  "mean_pixel_width": 2.1910128878048e-05,
  "utm": "36S",
  "country_code": "TUR",
  "cloud_cover": 0,
  "timestamp": "2002-02-07T08:43:59Z",
  "scan_direction": "Forward",
  "approximate_wavelengths": [
    661,
    545,
    477
  ],
  "pan_resolution_dbl": 0.613170742989,
  "pan_resolution_start_dbl": 0.613170742989,
  "pan_resolution_end_dbl": 0.613170742989,
  "pan_resolution_min_dbl": 0.613170742989,
  "pan_resolution_max_dbl": 0.613170742989,
  "multi_resolution_dbl": 2.45140385628,
  "multi_resolution_start_dbl": 2.45140385628,
  "multi_resolution_end_dbl": 2.45140385628,
  "multi_resolution_min_dbl": 2.45140385628,
  "multi_resolution_max_dbl": 2.45140385628,
  "target_azimuth_dbl": 27.7898311615,
  "target_azimuth_start_dbl": 27.733001709,
  "target_azimuth_end_dbl": 27.840845108,
  "target_azimuth_min_dbl": 27.733001709,
  "target_azimuth_max_dbl": 27.840845108,
  "sun_azimuth_dbl": 157.321589152,
  "sun_azimuth_min_dbl": 157.311248779,
  "sun_azimuth_max_dbl": 157.331832886,
  "sun_elevation_dbl": 31.9062328339,
  "sun_elevation_min_dbl": 31.8285388947,
  "sun_elevation_max_dbl": 31.9840087891,
  "off_nadir_angle_dbl": 3.90585215886,
  "off_nadir_angle_start_dbl": 3.0332057476,
  "off_nadir_angle_end_dbl": 4.77713823318,
  "off_nadir_angle_min_dbl": 3.0332057476,
  "off_nadir_angle_max_dbl": 4.77713823318
}