{
  "img_filename": "airport_0_3_rgb.jpg",
  "bounding_boxes": [
    {
      "category": "airport",
      "ID": 144,
      "visible": "True",
      "box": [
        695,
        1449,
        5709,
        2644
      ]
    }
  ],
  "gsd": 0.615728914738,
  "img_width": 8184,
  "img_height": 6299,
  "mean_pixel_height": 5.487839265677e-06,
  "mean_pixel_width": 5.487839265678e-06,
  "utm": "36S",
  "country_code": "TUR",
  "cloud_cover": 5,
  "timestamp": "2007-11-10T09:02:48Z",
  "scan_direction": "Forward",
  "approximate_wavelengths": [
    661,
    545,
    477
  ],
  "pan_resolution_dbl": 0.615728914738,
  "pan_resolution_start_dbl": 0.615728914738,
  "pan_resolution_end_dbl": 0.615728914738,
  "pan_resolution_min_dbl": 0.615728914738,
  "pan_resolution_max_dbl": 0.615728914738,
  "multi_resolution_dbl": 2.46180200577,
  "multi_resolution_start_dbl": 2.46180200577,
  "multi_resolution_end_dbl": 2.46180200577,
  "multi_resolution_min_dbl": 2.46180200577,
  "multi_resolution_max_dbl": 2.46180200577,
  "target_azimuth_dbl": 207.08194987,
  "target_azimuth_start_dbl": 207.403991699,
  "target_azimuth_end_dbl": 206.705566406,
  "target_azimuth_min_dbl": 206.705566406,
  "target_azimuth_max_dbl": 207.403991699,
  "sun_azimuth_dbl": 171.328089396,
  "sun_azimuth_min_dbl": 171.325485229,
  "sun_azimuth_max_dbl": 171.330657959,
  "sun_elevation_dbl": 32.7706260681,
  "sun_elevation_min_dbl": 32.6596908569,
  "sun_elevation_max_dbl": 32.8784484863,
  "off_nadir_angle_dbl": 3.68012984594,
  "off_nadir_angle_start_dbl": 4.86283826828,
  "off_nadir_angle_end_dbl": 2.52695560455,
  "off_nadir_angle_min_dbl": 2.52695560455,
  "off_nadir_angle_max_dbl": 4.86283826828
}