{
  "img_filename": "airport_0_2_rgb.jpg",
  "bounding_boxes": [
    {
      "category": "airport",
      "ID": 144,
      "visible": "True",
      "box": [
        691,
        1439,
        5673,
        2627
      ]
    }
  ],
  "gsd": 0.617237508297,
  "img_width": 8132,
  "img_height": 6259,
  "mean_pixel_height": 5.522921576937e-06,
  "mean_pixel_width": 5.522921576937e-06,
  "utm": "36S",
  "country_code": "TUR",
  "cloud_cover": 0,
  "timestamp": "2006-02-15T09:01:10Z",
  "scan_direction": "Forward",
  "approximate_wavelengths": [
    661,
    545,
    477
  ],
  "pan_resolution_dbl": 0.617237508297,
  "pan_resolution_start_dbl": 0.617237508297,
  "pan_resolution_end_dbl": 0.617237508297,
  "pan_resolution_min_dbl": 0.617237508297,
  "pan_resolution_max_dbl": 0.617237508297,
  "multi_resolution_dbl": 2.46764135361,
  "multi_resolution_start_dbl": 2.46764135361,
  "multi_resolution_end_dbl": 2.46764135361,
  "multi_resolution_min_dbl": 2.46764135361,
  "multi_resolution_max_dbl": 2.46764135361,
  "target_azimuth_dbl": 82.972714742,
  "target_azimuth_start_dbl": 90.7916641235,
  "target_azimuth_end_dbl": 73.0324401855,
  "target_azimuth_min_dbl": 73.0324401855,
  "target_azimuth_max_dbl": 90.7916641235,
  "sun_azimuth_dbl": 161.323196411,
  "sun_azimuth_min_dbl": 161.309921265,
  "sun_azimuth_max_dbl": 161.332977295,
  "sun_elevation_dbl": 35.6326936086,
  "sun_elevation_min_dbl": 35.542137146,
  "sun_elevation_max_dbl": 35.7536125183,
  "off_nadir_angle_dbl": 5.88845388095,
  "off_nadir_angle_start_dbl": 5.30543422699,
  "off_nadir_angle_end_dbl": 6.69932937622,
  "off_nadir_angle_min_dbl": 5.30543422699,
  "off_nadir_angle_max_dbl": 6.69932937622
}